feature,used_for_model
total_income,True
average_income,True
median_income,True
income_std,True
minimum_income,True
maximum_income,True
income_transaction_count,True
income_source_count,True
multiple_income_flag,True
total_expense,True
average_expense,True
median_expense,True
expense_std,True
minimum_expense,True
maximum_expense,True
expense_transaction_count,True
total_transactions,True
cash_transaction_ratio,True
upi_transaction_ratio,True
bank_transfer_ratio,True
debit_card_ratio,True
average_monthly_income,True
average_monthly_expense,True
average_monthly_net_cash_flow,True
average_monthly_savings_ratio,True
average_monthly_expense_to_income_ratio,True
average_monthly_recurring_ratio,True
monthly_income_std,True
monthly_expense_std,True
