,total_income,average_income,median_income,income_std,minimum_income,maximum_income,income_transaction_count,income_coefficient_variation,income_source_count,multiple_income_flag,total_expense,average_expense,median_expense,expense_std,minimum_expense,maximum_expense,expense_transaction_count,total_transactions,cash_transactions,upi_transactions,bank_transfer_transactions,debit_card_transactions,cash_transaction_ratio,upi_transaction_ratio,bank_transfer_ratio,debit_card_ratio,average_monthly_income,average_monthly_expense,average_monthly_net_cash_flow,average_monthly_savings_ratio,average_monthly_expense_to_income_ratio,average_monthly_recurring_ratio,monthly_income_std,monthly_expense_std,active_month_count
total_income,1.0,-0.0565688283530811,-0.048213303601885804,0.09427077784383017,-0.23681024729084404,0.0346052181747548,-0.07974318592530642,0.5292513186581762,-0.12719483754230979,-0.1271948375423098,0.048828096020742645,0.018163257055924253,0.03019685970311359,0.02566321822890796,-0.011237886999422105,0.03616791483832721,0.050118512979471876,-0.07092163019528877,-0.28615893444214513,0.7441651436576145,0.6901434869927735,0.06267259977824946,-0.29120881020406153,0.4692818787476461,0.26478806990796266,-0.08619839948380627,1.0,0.048828096020742597,0.9970109554943217,0.6516988674305786,-0.48028657708635364,-0.2517181389823011,0.47949890569916903,0.00037743315941194793,
average_income,-0.0565688283530811,1.0,0.9911651440191864,0.8130914934325792,0.9135581250397744,0.9734117752156037,-0.5987342778078042,0.005747998086338586,-0.21016798731338576,-0.2101679873133857,0.045283606999834934,0.057870154051304815,0.07002751888840837,0.039818148739205285,0.028214119288800625,0.003748361131905193,-0.0022931735428523728,-0.5969670158335266,-0.5055193422794396,-0.18965668761478344,-0.1509973564226691,0.0032116168470158035,-0.464197679913937,0.27608506238227526,0.3724936547374137,0.5760393400900307,-0.05656882835308108,0.04528360699983491,-0.060312296576915315,0.44642989174601483,-0.6602917121755644,-0.03559330793720665,0.7197904583599531,0.021710854944119114,
median_income,-0.048213303601885804,0.9911651440191864,1.0,0.7976306520052193,0.892011210104955,0.955081566239466,-0.5903540699153029,-0.0028844311004216543,-0.19844389463479578,-0.19844389463479586,0.0407789246754345,0.05480315001000004,0.06327650776931439,0.03837224969829203,0.035768930426905356,0.007137104694673837,-0.005861202314545767,-0.5891320236456881,-0.4998588902688314,-0.18268076396755106,-0.14637603068332497,0.0016726371106181056,-0.459727717424449,0.2762663278741928,0.3690159724028652,0.5665759659352387,-0.04821330360188579,0.04077892467543462,-0.051576281182321757,0.4413186945110291,-0.6496417201198412,-0.03139769161636827,0.7203095140517811,0.020096372877926073,
income_std,0.09427077784383017,0.8130914934325792,0.7976306520052193,1.0,0.5496125415196751,0.9070587852706307,-0.4976427005192074,0.4624896058971901,-0.1278933737759465,-0.12789337377594642,0.07097866527481027,0.0862527921475855,0.09896940602401598,0.05063010782251074,-0.007636359358930959,0.005231506661274937,0.0021432504789167797,-0.49675857361047765,-0.4531178636561114,-0.05011441129370968,-0.02783650493841051,0.026932537648920927,-0.4245745808642502,0.29888477582278833,0.33966680632918905,0.46852546776793114,0.09427077784383024,0.0709786652748103,0.0891278288361309,0.4468778803133919,-0.6005063300948125,-0.20087716184236962,0.7323916510114303,0.0011700519816943912,
minimum_income,-0.23681024729084404,0.9135581250397744,0.892011210104955,0.5496125415196751,1.0,0.8200086324099001,-0.5030990767628022,-0.30595723180569223,-0.24238023305284398,-0.24238023305284404,0.0205838001297566,0.032082185509984505,0.035628075520878204,0.02911655704161227,0.04247987187143706,-0.002895171996952376,-0.006872713511164753,-0.5018248692254313,-0.378886612084524,-0.29493834872230246,-0.2871501927534569,-0.01863935966528553,-0.33446725237915786,0.15078027825079005,0.250891322607377,0.512585943881991,-0.23681024729084388,0.02058380012975661,-0.239128814223495,0.2815562428607494,-0.5137027211274487,0.07503659555101846,0.48204947832152956,0.02093926018090635,
maximum_income,0.0346052181747548,0.9734117752156037,0.955081566239466,0.9070587852706307,0.8200086324099001,1.0,-0.6177078279168795,0.19482550286734823,-0.18012822007624227,-0.1801282200762422,0.06173305589176697,0.07111173757463854,0.08546840498401623,0.0467535647369934,0.01071897798883226,0.009091011763869988,0.006303908619884158,-0.6151212062697875,-0.5462947573610292,-0.1216397235409172,-0.06705156388102304,0.01683677374478789,-0.50885476869431,0.32844601611912233,0.4177695583725992,0.5790647222617339,0.03460521817475475,0.061733055891766836,0.029871055584015493,0.5076696328219326,-0.7000218236797351,-0.09682361296610671,0.7859766889256633,0.019164645499907502,
income_transaction_count,-0.07974318592530642,-0.5987342778078042,-0.5903540699153029,-0.4976427005192074,-0.5030990767628022,-0.6177078279168795,1.0,-0.1554633124887912,-0.22378245829046348,-0.22378245829046317,-0.0418917915498797,-0.022992662860779632,-0.034938430628192504,-0.027616790916915938,0.020025399907263618,-0.015277952952967015,-0.035518694188562135,0.9929309631216648,0.972197343570325,-0.010083191047139084,-0.27502137520129466,-0.03500291175417256,0.9554010466450795,-0.6706104065381744,-0.8757150711810298,-0.8352618502388391,-0.07974318592530646,-0.041891791549879744,-0.07646522084093617,-0.7391902318684489,0.8088859685682874,-0.4915912264409756,-0.5315789202902304,-0.007027606453637728,
income_coefficient_variation,0.5292513186581762,0.005747998086338586,-0.0028844311004216543,0.4624896058971901,-0.30595723180569223,0.19482550286734823,-0.1554633124887912,1.0,0.2888493063283212,0.2888493063283212,0.07646959735979136,0.06603722817800825,0.06919824934510066,0.04983947023841522,-0.05813676641996457,0.013976318192754427,0.034944341456578036,-0.15106755267445884,-0.2818494935122353,0.4656378894258521,0.44887790773207104,0.05015535274902083,-0.3011304633004699,0.4050044317097599,0.26274266559877263,0.03743733896403756,0.5292513186581758,0.07646959735979102,0.5246778409225251,0.3823465788673472,-0.2795548304057956,-0.3544693525978891,0.38784013292994507,-0.02861240722836763,
income_source_count,-0.12719483754230979,-0.21016798731338576,-0.19844389463479578,-0.1278933737759465,-0.24238023305284398,-0.18012822007624227,-0.22378245829046348,0.2888493063283212,1.0,1.0,0.004644063308907813,-0.011925021369914917,-0.014454540193627852,-0.030716802960946216,-0.015088160978465817,-0.03205530846326433,0.0212364318886736,-0.22232928958933512,-0.2468356189674717,0.2738574869328968,-0.017879407559000457,0.039090791585037955,-0.277100403789288,0.4495180491562139,0.12416396443411387,0.1683580888843522,-0.12719483754230979,0.004644063308907482,-0.12746601786900855,-0.02437090485787965,0.08230864167203218,0.4453502850951587,-0.16031753552112613,-0.04775002152237351,
multiple_income_flag,-0.1271948375423098,-0.2101679873133857,-0.19844389463479586,-0.12789337377594642,-0.24238023305284404,-0.1801282200762422,-0.22378245829046317,0.2888493063283212,1.0,1.0,0.0046440633089078285,-0.01192502136991486,-0.014454540193627786,-0.030716802960946137,-0.015088160978465825,-0.032055308463264195,0.02123643188867363,-0.22232928958933515,-0.24683561896747142,0.27385748693289663,-0.01787940755900044,0.03909079158503799,-0.277100403789288,0.4495180491562141,0.12416396443411368,0.16835808888435222,-0.12719483754230992,0.004644063308907506,-0.1274660178690085,-0.024370904857879665,0.08230864167203224,0.4453502850951586,-0.1603175355211263,-0.0477500215223734,
total_expense,0.048828096020742645,0.045283606999834934,0.0407789246754345,0.07097866527481027,0.0205838001297566,0.06173305589176697,-0.0418917915498797,0.07646959735979136,0.004644063308907813,0.0046440633089078285,1.0,0.7556833548579733,0.5601118406634851,0.5858634999068703,0.018356267914122742,0.26751994867113227,0.6460941096720144,0.02892824770236486,-0.03423918483564096,0.1275847557957727,0.15651653524323933,0.29628474187590487,-0.05542036424302007,0.045722289246885955,0.02624397329321206,0.08841574455125285,0.04882809602074261,0.9999999999999987,-0.026485019560691343,-0.06802832758175714,0.056832351032271446,-0.0506746786921108,0.07597821576801582,0.34900978979906444,
average_expense,0.018163257055924253,0.057870154051304815,0.05480315001000004,0.0862527921475855,0.032082185509984505,0.07111173757463854,-0.022992662860779632,0.06603722817800825,-0.011925021369914917,-0.01192502136991486,0.7556833548579733,1.0,0.747176186874419,0.7351863277299412,0.092608714440274,0.2754495664364093,-0.008712032279011963,-0.02363446043048909,-0.025847426176214112,-0.011193696945500348,0.023933609785598504,0.027924302712802326,-0.029327115803166576,0.002135570780690196,0.031156349221581312,0.0411660143245735,0.018163257055924274,0.7556833548579742,-0.038261007552035015,-0.05901707497173415,0.04255126772178721,-0.03873627116008334,0.060256905396797206,0.3296765042074296,
median_expense,0.03019685970311359,0.07002751888840837,0.06327650776931439,0.09896940602401598,0.035628075520878204,0.08546840498401623,-0.034938430628192504,0.06919824934510066,-0.014454540193627852,-0.014454540193627786,0.5601118406634851,0.747176186874419,1.0,0.24937224738413227,0.11037523107187298,0.06037567024852065,-0.012697002605279695,-0.03748310716355701,-0.03411131198350377,-0.022993511151396202,0.00955714156355819,0.01679035551215086,-0.03096962516343948,-0.0007506317218575937,0.03249029376159861,0.048204668338176666,0.030196859703113556,0.5601118406634847,-0.011262227130332845,-0.022611291164604228,0.00890210403665433,-0.04882988434271307,0.08244489639426926,0.19013097632622566,
expense_std,0.02566321822890796,0.039818148739205285,0.03837224969829203,0.05063010782251074,0.02911655704161227,0.0467535647369934,-0.027616790916915938,0.04983947023841522,-0.030716802960946216,-0.030716802960946137,0.5858634999068703,0.7351863277299412,0.24937224738413227,1.0,-0.029090928521380188,0.5014143899306746,0.03992053992321486,-0.022895423877966486,-0.03289211065826643,0.01345391965224739,0.04533860994642849,0.04095359934111404,-0.03714274601141463,0.01945637148466842,0.03787942055667998,0.03345945740334221,0.025663218228907932,0.5858634999068707,-0.017848497861916068,-0.026922468388472724,0.020944029199282562,-0.031819042568991464,0.03556035576678719,0.34003733608466724,
minimum_expense,-0.011237886999422105,0.028214119288800625,0.035768930426905356,-0.007636359358930959,0.04247987187143706,0.01071897798883226,0.020025399907263618,-0.05813676641996457,-0.015088160978465817,-0.015088160978465825,0.018356267914122742,0.092608714440274,0.11037523107187298,-0.029090928521380188,1.0,-0.04507366284534544,-0.08037851962740312,0.011911865744042856,0.024493267743840016,-0.027317781553042052,-0.03775799060801198,-0.05725450060825899,0.028128361378125934,-0.02618626470613267,-0.019199561115468496,-0.02929566625455837,-0.011237886999422072,0.018356267914122714,-0.013029402909003352,-0.023201017924177853,0.012866541535288024,0.020858104447983607,0.0008830955591989111,-0.016359459728636398,
maximum_expense,0.03616791483832721,0.003748361131905193,0.007137104694673837,0.005231506661274937,-0.002895171996952376,0.009091011763869988,-0.015277952952967015,0.013976318192754427,-0.03205530846326433,-0.032055308463264195,0.26751994867113227,0.2754495664364093,0.06037567024852065,0.5014143899306746,-0.04507366284534544,1.0,0.08956708833069588,-0.005190983246593056,-0.01987807320838406,0.039325127902953096,0.04960502289664576,0.02550601470849669,-0.02266582383749966,0.020126220270347668,0.027185849801862796,0.001569169618284672,0.0361679148383273,0.267519948671133,0.016251859112233067,0.00490873477625965,-0.0018064050847148786,-0.012121678579710426,0.02339130536447253,0.206006219489627,
expense_transaction_count,0.050118512979471876,-0.0022931735428523728,-0.005861202314545767,0.0021432504789167797,-0.006872713511164753,0.006303908619884158,-0.035518694188562135,0.034944341456578036,0.0212364318886736,0.02123643188867363,0.6460941096720144,-0.008712032279011963,-0.012697002605279695,0.03992053992321486,-0.08037851962740312,0.08956708833069588,1.0,0.07370512742218245,-0.02006532935670422,0.20621585170624623,0.2094464234731771,0.424090924286539,-0.048575122764300316,0.06530577027726953,0.0011734675987925948,0.08805839297725879,0.05011851297947186,0.646094109672014,0.0008564213690530484,-0.03762472617476772,0.03961754453355493,-0.0304252520378054,0.040043805674616864,0.15023091860849452,
total_transactions,-0.07092163019528877,-0.5969670158335266,-0.5891320236456881,-0.49675857361047765,-0.5018248692254313,-0.6151212062697875,0.9929309631216648,-0.15106755267445884,-0.22232928958933512,-0.22232928958933515,0.02892824770236486,-0.02363446043048909,-0.03748310716355701,-0.022895423877966486,0.011911865744042856,-0.005190983246593056,0.07370512742218245,1.0,0.9663737305107232,0.014752075055700788,-0.23613311111780963,0.009409005678505186,0.9455409461950047,-0.6627895387377871,-0.8666727699848636,-0.8278229943004397,-0.07092163019528896,0.02892824770236488,-0.07335355048899493,-0.739384367832397,0.8092954829205051,-0.4899338198919936,-0.5237382609078577,0.008519742950214276,
cash_transactions,-0.28615893444214513,-0.5055193422794396,-0.4998588902688314,-0.4531178636561114,-0.378886612084524,-0.5462947573610292,0.972197343570325,-0.2818494935122353,-0.2468356189674717,-0.24683561896747142,-0.03423918483564096,-0.025847426176214112,-0.03411131198350377,-0.03289211065826643,0.024493267743840016,-0.01987807320838406,-0.02006532935670422,0.9663737305107232,1.0,-0.19288136303485728,-0.4341689267929643,-0.05250187481366821,0.9929641621813298,-0.765567786900047,-0.9094940311497435,-0.7800499214745679,-0.2861589344421458,-0.03423918483564083,-0.2836574218126208,-0.838669921532375,0.8538252573570561,-0.4478508512132024,-0.5675341436566032,0.00015475760086294249,
upi_transactions,0.7441651436576145,-0.18965668761478344,-0.18268076396755106,-0.05011441129370968,-0.29493834872230246,-0.1216397235409172,-0.010083191047139084,0.4656378894258521,0.2738574869328968,0.27385748693289663,0.1275847557957727,-0.011193696945500348,-0.022993511151396202,0.01345391965224739,-0.027317781553042052,0.039325127902953096,0.20621585170624623,0.014752075055700788,-0.19288136303485728,1.0,0.3939486956425623,-0.011226162123366986,-0.21743927344622868,0.7057236620439655,0.02500360281337687,-0.18359952459122153,0.7441651436576141,0.12758475579577327,0.734933926730341,0.4068292857728769,-0.25717746338010794,-0.04110052088035866,0.21589067479053906,-0.014196740391035747,
bank_transfer_transactions,0.6901434869927735,-0.1509973564226691,-0.14637603068332497,-0.02783650493841051,-0.2871501927534569,-0.06705156388102304,-0.27502137520129466,0.44887790773207104,-0.017879407559000457,-0.01787940755900044,0.15651653524323933,0.023933609785598504,0.00955714156355819,0.04533860994642849,-0.03775799060801198,0.04960502289664576,0.2094464234731771,-0.23613311111780963,-0.4341689267929643,0.3939486956425623,1.0,0.009813459945609556,-0.4766450390718174,0.3117816454468317,0.6459714295450856,0.030414556815950546,0.6901434869927743,0.15651653524323889,0.6772308204665058,0.5657070156711784,-0.3902415014225642,-0.022330788777318714,0.2883560017243735,0.028486535509947508,
debit_card_transactions,0.06267259977824946,0.0032116168470158035,0.0016726371106181056,0.026932537648920927,-0.01863935966528553,0.01683677374478789,-0.03500291175417256,0.05015535274902083,0.039090791585037955,0.03909079158503799,0.29628474187590487,0.027924302712802326,0.01679035551215086,0.04095359934111404,-0.05725450060825899,0.02550601470849669,0.424090924286539,0.009409005678505186,-0.05250187481366821,-0.011226162123366986,0.009813459945609556,1.0,-0.08800399249739603,-0.06377467990116735,-0.04683406795095346,0.4941333456552418,0.06267259977824952,0.29628474187590376,0.03972967210512246,0.02906204278553131,-0.015626195457790933,0.009368766842740718,0.045603592566191974,0.08824457832556136,
cash_transaction_ratio,-0.29120881020406153,-0.464197679913937,-0.459727717424449,-0.4245745808642502,-0.33446725237915786,-0.50885476869431,0.9554010466450795,-0.3011304633004699,-0.277100403789288,-0.277100403789288,-0.05542036424302007,-0.029327115803166576,-0.03096962516343948,-0.03714274601141463,0.028128361378125934,-0.02266582383749966,-0.048575122764300316,0.9455409461950047,0.9929641621813298,-0.21743927344622868,-0.4766450390718174,-0.08800399249739603,1.0,-0.7719125233238234,-0.9200244053500334,-0.7762493967515358,-0.2912088102040613,-0.05542036424301985,-0.28699708005020896,-0.8222129680718188,0.8246756515573314,-0.45141983843116007,-0.5461399639289742,-0.003325588834524253,
upi_transaction_ratio,0.4692818787476461,0.27608506238227526,0.2762663278741928,0.29888477582278833,0.15078027825079005,0.32844601611912233,-0.6706104065381744,0.4050044317097599,0.4495180491562139,0.4495180491562141,0.045722289246885955,0.002135570780690196,-0.0007506317218575937,0.01945637148466842,-0.02618626470613267,0.020126220270347668,0.06530577027726953,-0.6627895387377871,-0.765567786900047,0.7057236620439655,0.3117816454468317,-0.06377467990116735,-0.7719125233238234,1.0,0.5372869187931204,0.41671879467652856,0.469281878747647,0.045722289246886226,0.4663831743991388,0.7161531079903732,-0.6764167888108827,0.3528033169570059,0.4579661906203062,-0.03154603508903159,
bank_transfer_ratio,0.26478806990796266,0.3724936547374137,0.3690159724028652,0.33966680632918905,0.250891322607377,0.4177695583725992,-0.8757150711810298,0.26274266559877263,0.12416396443411387,0.12416396443411368,0.02624397329321206,0.031156349221581312,0.03249029376159861,0.03787942055667998,-0.019199561115468496,0.027185849801862796,0.0011734675987925948,-0.8666727699848636,-0.9094940311497435,0.02500360281337687,0.6459714295450856,-0.04683406795095346,-0.9200244053500334,0.5372869187931204,1.0,0.633876986345806,0.26478806990796233,0.02624397329321189,0.2623847772704169,0.7566797712969516,-0.7371683497373801,0.3726662169696186,0.47964920862984534,0.008384163616488995,
debit_card_ratio,-0.08619839948380627,0.5760393400900307,0.5665759659352387,0.46852546776793114,0.512585943881991,0.5790647222617339,-0.8352618502388391,0.03743733896403756,0.1683580888843522,0.16835808888435222,0.08841574455125285,0.0411660143245735,0.048204668338176666,0.03345945740334221,-0.02929566625455837,0.001569169618284672,0.08805839297725879,-0.8278229943004397,-0.7800499214745679,-0.18359952459122153,0.030414556815950546,0.4941333456552418,-0.7762493967515358,0.41671879467652856,0.633876986345806,1.0,-0.08619839948380625,0.08841574455125228,-0.09285454054173756,0.531665526625669,-0.631139957396439,0.4296072607638119,0.4219206136397211,0.03642401789493743,
average_monthly_income,1.0,-0.05656882835308108,-0.04821330360188579,0.09427077784383024,-0.23681024729084388,0.03460521817475475,-0.07974318592530646,0.5292513186581758,-0.12719483754230979,-0.12719483754230992,0.04882809602074261,0.018163257055924274,0.030196859703113556,0.025663218228907932,-0.011237886999422072,0.0361679148383273,0.05011851297947186,-0.07092163019528896,-0.2861589344421458,0.7441651436576141,0.6901434869927743,0.06267259977824952,-0.2912088102040613,0.469281878747647,0.26478806990796233,-0.08619839948380625,1.0,0.0488280960207425,0.9970109554943228,0.6516988674305788,-0.4802865770863541,-0.25171813898230083,0.47949890569917,0.00037743315941193953,
average_monthly_expense,0.048828096020742597,0.04528360699983491,0.04077892467543462,0.0709786652748103,0.02058380012975661,0.061733055891766836,-0.041891791549879744,0.07646959735979102,0.004644063308907482,0.004644063308907506,0.9999999999999987,0.7556833548579742,0.5601118406634847,0.5858634999068707,0.018356267914122714,0.267519948671133,0.646094109672014,0.02892824770236488,-0.03423918483564083,0.12758475579577327,0.15651653524323889,0.29628474187590376,-0.05542036424301985,0.045722289246886226,0.02624397329321189,0.08841574455125228,0.0488280960207425,1.0,-0.026485019560691454,-0.06802832758175746,0.05683235103227181,-0.05067467869211044,0.07597821576801528,0.3490097897990648,
average_monthly_net_cash_flow,0.9970109554943217,-0.060312296576915315,-0.051576281182321757,0.0891278288361309,-0.239128814223495,0.029871055584015493,-0.07646522084093617,0.5246778409225251,-0.12746601786900855,-0.1274660178690085,-0.026485019560691343,-0.038261007552035015,-0.011262227130332845,-0.017848497861916068,-0.013029402909003352,0.016251859112233067,0.0008564213690530484,-0.07335355048899493,-0.2836574218126208,0.734933926730341,0.6772308204665058,0.03972967210512246,-0.28699708005020896,0.4663831743991388,0.2623847772704169,-0.09285454054173756,0.9970109554943228,-0.026485019560691454,1.0,0.6573953073789545,-0.48446646223583384,-0.2524529145610903,0.4742550364466428,-0.0255546684805056,
average_monthly_savings_ratio,0.6516988674305786,0.44642989174601483,0.4413186945110291,0.4468778803133919,0.2815562428607494,0.5076696328219326,-0.7391902318684489,0.3823465788673472,-0.02437090485787965,-0.024370904857879665,-0.06802832758175714,-0.05901707497173415,-0.022611291164604228,-0.026922468388472724,-0.023201017924177853,0.00490873477625965,-0.03762472617476772,-0.739384367832397,-0.838669921532375,0.4068292857728769,0.5657070156711784,0.02906204278553131,-0.8222129680718188,0.7161531079903732,0.7566797712969516,0.531665526625669,0.6516988674305788,-0.06802832758175746,0.6573953073789545,1.0,-0.9570028081703216,0.15631272472160318,0.6708032675250417,-0.03613374754625881,
average_monthly_expense_to_income_ratio,-0.48028657708635364,-0.6602917121755644,-0.6496417201198412,-0.6005063300948125,-0.5137027211274487,-0.7000218236797351,0.8088859685682874,-0.2795548304057956,0.08230864167203218,0.08230864167203224,0.056832351032271446,0.04255126772178721,0.00890210403665433,0.020944029199282562,0.012866541535288024,-0.0018064050847148786,0.03961754453355493,0.8092954829205051,0.8538252573570561,-0.25717746338010794,-0.3902415014225642,-0.015626195457790933,0.8246756515573314,-0.6764167888108827,-0.7371683497373801,-0.631139957396439,-0.4802865770863541,0.05683235103227181,-0.48446646223583384,-0.9570028081703216,1.0,-0.15880938891962132,-0.7411005359273113,0.028470945983880894,
average_monthly_recurring_ratio,-0.2517181389823011,-0.03559330793720665,-0.03139769161636827,-0.20087716184236962,0.07503659555101846,-0.09682361296610671,-0.4915912264409756,-0.3544693525978891,0.4453502850951587,0.4453502850951586,-0.0506746786921108,-0.03873627116008334,-0.04882988434271307,-0.031819042568991464,0.020858104447983607,-0.012121678579710426,-0.0304252520378054,-0.4899338198919936,-0.4478508512132024,-0.04110052088035866,-0.022330788777318714,0.009368766842740718,-0.45141983843116007,0.3528033169570059,0.3726662169696186,0.4296072607638119,-0.25171813898230083,-0.05067467869211044,-0.2524529145610903,0.15631272472160318,-0.15880938891962132,1.0,-0.1748105050599555,-0.03130569861413617,
monthly_income_std,0.47949890569916903,0.7197904583599531,0.7203095140517811,0.7323916510114303,0.48204947832152956,0.7859766889256633,-0.5315789202902304,0.38784013292994507,-0.16031753552112613,-0.1603175355211263,0.07597821576801582,0.060256905396797206,0.08244489639426926,0.03556035576678719,0.0008830955591989111,0.02339130536447253,0.040043805674616864,-0.5237382609078577,-0.5675341436566032,0.21589067479053906,0.2883560017243735,0.045603592566191974,-0.5461399639289742,0.4579661906203062,0.47964920862984534,0.4219206136397211,0.47949890569917,0.07597821576801528,0.4742550364466428,0.6708032675250417,-0.7411005359273113,-0.1748105050599555,1.0,0.019288615928233707,
monthly_expense_std,0.00037743315941194793,0.021710854944119114,0.020096372877926073,0.0011700519816943912,0.02093926018090635,0.019164645499907502,-0.007027606453637728,-0.02861240722836763,-0.04775002152237351,-0.0477500215223734,0.34900978979906444,0.3296765042074296,0.19013097632622566,0.34003733608466724,-0.016359459728636398,0.206006219489627,0.15023091860849452,0.008519742950214276,0.00015475760086294249,-0.014196740391035747,0.028486535509947508,0.08824457832556136,-0.003325588834524253,-0.03154603508903159,0.008384163616488995,0.03642401789493743,0.00037743315941193953,0.3490097897990648,-0.0255546684805056,-0.03613374754625881,0.028470945983880894,-0.03130569861413617,0.019288615928233707,1.0,
active_month_count,,,,,,,,,,,,,,,,,,,,,,,,,,,,,,,,,,,
