feature,selected_for_ml,zero_variance,data_type,unique_values,missing_values
total_income,True,False,float64,1000,0
average_income,True,False,float64,1000,0
median_income,True,False,float64,999,0
income_std,True,False,float64,993,0
minimum_income,True,False,float64,978,0
maximum_income,True,False,float64,975,0
income_transaction_count,True,False,int64,113,0
income_coefficient_variation,True,False,float64,993,0
income_source_count,True,False,int64,2,0
multiple_income_flag,True,False,int64,2,0
total_expense,True,False,float64,1000,0
average_expense,True,False,float64,1000,0
median_expense,True,False,float64,998,0
expense_std,True,False,float64,1000,0
minimum_expense,True,False,float64,960,0
maximum_expense,True,False,float64,999,0
expense_transaction_count,True,False,int64,53,0
total_transactions,True,False,int64,179,0
cash_transactions,False,False,int64,107,0
upi_transactions,False,False,int64,65,0
bank_transfer_transactions,False,False,int64,66,0
debit_card_transactions,False,False,int64,33,0
cash_transaction_ratio,True,False,float64,760,0
upi_transaction_ratio,True,False,float64,825,0
bank_transfer_ratio,True,False,float64,813,0
debit_card_ratio,True,False,float64,758,0
average_monthly_income,True,False,float64,1000,0
average_monthly_expense,True,False,float64,1000,0
average_monthly_net_cash_flow,True,False,float64,1000,0
average_monthly_savings_ratio,True,False,float64,1000,0
average_monthly_expense_to_income_ratio,True,False,float64,1000,0
average_monthly_recurring_ratio,True,False,float64,933,0
monthly_income_std,True,False,float64,1000,0
monthly_expense_std,True,False,float64,1000,0
active_month_count,False,True,int64,1,0
