feature_1,feature_2,correlation
total_income,average_monthly_income,1.0
total_income,average_monthly_net_cash_flow,0.9970109554943217
average_income,median_income,0.9911651440191864
average_income,minimum_income,0.9135581250397744
average_income,maximum_income,0.9734117752156037
median_income,maximum_income,0.955081566239466
income_std,maximum_income,0.9070587852706307
income_transaction_count,total_transactions,0.9929309631216648
income_transaction_count,cash_transactions,0.972197343570325
income_transaction_count,cash_transaction_ratio,0.9554010466450795
income_source_count,multiple_income_flag,1.0
total_expense,average_monthly_expense,0.9999999999999987
total_transactions,cash_transactions,0.9663737305107232
total_transactions,cash_transaction_ratio,0.9455409461950047
cash_transactions,cash_transaction_ratio,0.9929641621813298
cash_transactions,bank_transfer_ratio,-0.9094940311497435
cash_transaction_ratio,bank_transfer_ratio,-0.9200244053500334
average_monthly_income,average_monthly_net_cash_flow,0.9970109554943228
average_monthly_savings_ratio,average_monthly_expense_to_income_ratio,-0.9570028081703216
