mean_fit_time,std_fit_time,mean_score_time,std_score_time,param_max_depth,param_min_samples_leaf,param_min_samples_split,param_n_estimators,params,split0_test_score,split1_test_score,split2_test_score,split3_test_score,split4_test_score,mean_test_score,std_test_score,rank_test_score,split0_train_score,split1_train_score,split2_train_score,split3_train_score,split4_train_score,mean_train_score,std_train_score
0.39056057929992677,0.05019495436918073,0.1473759174346924,0.04335965935586683,,1,2,100,"{'max_depth': None, 'min_samples_leaf': 1, 'min_samples_split': 2, 'n_estimators': 100}",0.9345155561626993,0.9568384893639995,0.907018130384467,0.8768083771445879,0.928480863470008,0.9207322833051524,0.027096364124859003,3,1.0,1.0,1.0,1.0,1.0,1.0,0.0
1.0147104740142823,0.07959100216092638,0.322434663772583,0.06653173641254859,,1,2,200,"{'max_depth': None, 'min_samples_leaf': 1, 'min_samples_split': 2, 'n_estimators': 200}",0.9345155561626993,0.9640072403230298,0.9138273491214668,0.8768083771445879,0.9357400617800745,0.9249797169063717,0.02889539104361223,1,1.0,1.0,1.0,1.0,1.0,1.0,0.0
0.5548547267913818,0.1620612312883865,0.11367716789245605,0.0215153297233431,,1,5,100,"{'max_depth': None, 'min_samples_leaf': 1, 'min_samples_split': 5, 'n_estimators': 100}",0.9345540222778074,0.9567204541391026,0.8928741128085341,0.8768083771445879,0.9217415510548016,0.9165397034849667,0.028652071819224027,15,1.0,1.0,1.0,1.0,1.0,1.0,0.0
0.9908942222595215,0.0964565268519869,0.26484317779541017,0.05706597485689294,,1,5,200,"{'max_depth': None, 'min_samples_leaf': 1, 'min_samples_split': 5, 'n_estimators': 200}",0.9348604632777295,0.9567204541391026,0.8923615612489527,0.8775187969924813,0.9354845250229945,0.9193891601362522,0.029582650033640058,6,1.0,1.0,1.0,0.9982137309299278,0.9982137309299278,0.9992854923719712,0.0008750895529985289
0.5288617134094238,0.08482898150179813,0.11580448150634766,0.008756654232146815,,2,2,100,"{'max_depth': None, 'min_samples_leaf': 2, 'min_samples_split': 2, 'n_estimators': 100}",0.9200294164488537,0.9567204541391026,0.8996182659110157,0.8768083771445879,0.928480863470008,0.9163314754227135,0.026959075166606745,17,0.9982137422031632,0.9982118972486731,1.0,0.9964263167388168,0.9946382954262364,0.9974980503233779,0.0018225452220394724
1.0098631858825684,0.09944434740849437,0.22720785140991212,0.08043808668187948,,2,2,200,"{'max_depth': None, 'min_samples_leaf': 2, 'min_samples_split': 2, 'n_estimators': 200}",0.9348604632777295,0.9568384893639995,0.8856313378064403,0.870030395136778,0.9429691249400095,0.9180659621049913,0.03395571293972467,9,0.9982137422031632,0.9964256330464447,0.9982137309299278,0.9964263167388168,0.9982137309299278,0.9974986307696561,0.0008758198827984602
0.4609672069549561,0.022351035449553098,0.10334100723266601,0.015041422390721518,,2,5,100,"{'max_depth': None, 'min_samples_leaf': 2, 'min_samples_split': 5, 'n_estimators': 100}",0.927085558444001,0.9425197062952165,0.8996182659110157,0.8836024844720496,0.9357400617800745,0.9177132153804715,0.022446109491524927,13,0.9946378064351119,0.9964256330464447,0.9874701899684746,0.9946382954262364,0.9946382954262364,0.9935620440605009,0.0031236109504892023
0.9741536140441894,0.13384459336504553,0.17550668716430665,0.06208468068403274,,2,5,200,"{'max_depth': None, 'min_samples_leaf': 2, 'min_samples_split': 5, 'n_estimators': 200}",0.9348604632777295,0.956889658848614,0.8923615612489527,0.870030395136778,0.9357400617800745,0.9179764280584297,0.03184273962272973,11,0.9910600213899823,0.9964256330464447,0.9910566676319038,0.9964263167388168,0.9946377039485603,0.9939212685511414,0.0024270583581910104
0.5369558811187745,0.11300873639530555,0.20272908210754395,0.048759928707298984,10,1,2,100,"{'max_depth': 10, 'min_samples_leaf': 1, 'min_samples_split': 2, 'n_estimators': 100}",0.9348604632777295,0.9495567023802002,0.8923615612489527,0.8768083771445879,0.9142081067482717,0.9135590421599484,0.026645629824993185,23,0.9964263620592139,0.9982137245245363,0.9982137309299278,1.0,0.9982137309299278,0.998213509688721,0.0011300835744312433
0.8165809154510498,0.06656326672188558,0.12519659996032714,0.017038618293441093,10,1,2,200,"{'max_depth': 10, 'min_samples_leaf': 1, 'min_samples_split': 2, 'n_estimators': 200}",0.9348604632777295,0.9640072403230298,0.8990966850158837,0.8768083771445879,0.9214888072303126,0.9192523145983088,0.029864215414293075,8,1.0,0.9982137245245363,0.9982137309299278,1.0,0.9982137309299278,0.9989282372768784,0.0008750905989977147
0.6557039737701416,0.1294091261100168,0.15978126525878905,0.06743246907935704,10,1,5,100,"{'max_depth': 10, 'min_samples_leaf': 1, 'min_samples_split': 5, 'n_estimators': 100}",0.9495683227376186,0.9496101364522417,0.8928741128085341,0.8775187969924813,0.928480863470008,0.9196104464921767,0.029538715410952203,5,0.9910569552143248,0.9946382224532125,0.9928478388769548,0.9982137309299278,0.9964263167388168,0.9946366128426474,0.002530315295511864
0.9272611141204834,0.0523609590351659,0.22753462791442872,0.0767338885843681,10,1,5,200,"{'max_depth': 10, 'min_samples_leaf': 1, 'min_samples_split': 5, 'n_estimators': 200}",0.9348604632777295,0.9567204541391026,0.8990966850158837,0.870030395136778,0.9068914383037707,0.913519887174653,0.02988313968484607,24,0.9928480219989654,0.9982137245245363,0.9928478388769548,0.9982137309299278,0.9964263167388168,0.9957099266138403,0.002426243972905462
0.6251625061035156,0.14675777249909688,0.2048874855041504,0.07126718706630376,10,2,2,100,"{'max_depth': 10, 'min_samples_leaf': 2, 'min_samples_split': 2, 'n_estimators': 100}",0.9203850106727806,0.9495567023802002,0.8928741128085341,0.8843161094224925,0.9287371163470988,0.9151738103262212,0.023844401270352096,19,0.9946378064351119,0.9946382224532125,0.9892641361055701,0.9964263167388168,0.9910598980272971,0.9932052759520017,0.00263119032909592
0.9917667865753174,0.15024476283051716,0.20705361366271974,0.059612107629765196,10,2,2,200,"{'max_depth': 10, 'min_samples_leaf': 2, 'min_samples_split': 2, 'n_estimators': 200}",0.9274376417233559,0.9568384893639995,0.8923615612489527,0.8775187969924813,0.9211879816633827,0.9150688941984344,0.027787626731656245,21,0.9946378064351119,0.9910597492475673,0.9892641361055701,0.9964263167388168,0.9946377039485603,0.9932051424951254,0.0026311581229644682
0.5531006813049316,0.09852256657228224,0.15626239776611328,0.022614421533428488,10,2,5,100,"{'max_depth': 10, 'min_samples_leaf': 2, 'min_samples_split': 5, 'n_estimators': 100}",0.9274376417233559,0.935348483608793,0.8996182659110157,0.8843161094224925,0.928480863470008,0.9150402728271331,0.01963965463935924,22,0.9910600213899823,0.9910597492475673,0.9874701899684746,0.9946382954262364,0.9910598980272971,0.9910576308119114,0.002266755665189195
0.9018277645111084,0.033784787619115776,0.17621965408325196,0.03347022882021467,10,2,5,200,"{'max_depth': 10, 'min_samples_leaf': 2, 'min_samples_split': 5, 'n_estimators': 200}",0.9348604632777295,0.9425197062952165,0.8996182659110157,0.870030395136778,0.928480863470008,0.9151019388181496,0.026804167823692382,20,0.9892690121174358,0.9910597492475673,0.9874701899684746,0.9964263167388168,0.9910598980272971,0.9910570332199183,0.0029963873268852395
0.47692227363586426,0.05785872938979504,0.1574629783630371,0.03473288202384718,20,1,2,100,"{'max_depth': 20, 'min_samples_leaf': 1, 'min_samples_split': 2, 'n_estimators': 100}",0.9345155561626993,0.9568384893639995,0.907018130384467,0.8768083771445879,0.928480863470008,0.9207322833051524,0.027096364124859003,3,1.0,1.0,1.0,1.0,1.0,1.0,0.0
0.9856468200683594,0.09846358926859831,0.1575831413269043,0.03311775201580226,20,1,2,200,"{'max_depth': 20, 'min_samples_leaf': 1, 'min_samples_split': 2, 'n_estimators': 200}",0.9345155561626993,0.9640072403230298,0.9138273491214668,0.8768083771445879,0.9357400617800745,0.9249797169063717,0.02889539104361223,1,1.0,1.0,1.0,1.0,1.0,1.0,0.0
0.5191833972930908,0.12657702306643945,0.1115142822265625,0.021652294840904984,20,1,5,100,"{'max_depth': 20, 'min_samples_leaf': 1, 'min_samples_split': 5, 'n_estimators': 100}",0.9345540222778074,0.9567204541391026,0.8928741128085341,0.8768083771445879,0.9217415510548016,0.9165397034849667,0.028652071819224027,15,1.0,1.0,1.0,1.0,1.0,1.0,0.0
0.9204932689666748,0.05611495109571544,0.2516942977905273,0.04186701463683461,20,1,5,200,"{'max_depth': 20, 'min_samples_leaf': 1, 'min_samples_split': 5, 'n_estimators': 200}",0.9348604632777295,0.9567204541391026,0.8923615612489527,0.8775187969924813,0.9354845250229945,0.9193891601362522,0.029582650033640058,6,1.0,1.0,1.0,0.9982137309299278,0.9982137309299278,0.9992854923719712,0.0008750895529985289
0.7302853107452393,0.15765601040483088,0.26888413429260255,0.07149050291651082,20,2,2,100,"{'max_depth': 20, 'min_samples_leaf': 2, 'min_samples_split': 2, 'n_estimators': 100}",0.9200294164488537,0.9567204541391026,0.8996182659110157,0.8768083771445879,0.928480863470008,0.9163314754227135,0.026959075166606745,17,0.9982137422031632,0.9982118972486731,1.0,0.9964263167388168,0.9946382954262364,0.9974980503233779,0.0018225452220394724
1.083891010284424,0.1513327319213736,0.33934855461120605,0.10463459386835335,20,2,2,200,"{'max_depth': 20, 'min_samples_leaf': 2, 'min_samples_split': 2, 'n_estimators': 200}",0.9348604632777295,0.9568384893639995,0.8856313378064403,0.870030395136778,0.9429691249400095,0.9180659621049913,0.03395571293972467,9,0.9982137422031632,0.9964256330464447,0.9982137309299278,0.9964263167388168,0.9982137309299278,0.9974986307696561,0.0008758198827984602
0.5862302780151367,0.1063885920426436,0.18700881004333497,0.04318772863687168,20,2,5,100,"{'max_depth': 20, 'min_samples_leaf': 2, 'min_samples_split': 5, 'n_estimators': 100}",0.927085558444001,0.9425197062952165,0.8996182659110157,0.8836024844720496,0.9357400617800745,0.9177132153804715,0.022446109491524927,13,0.9946378064351119,0.9964256330464447,0.9874701899684746,0.9946382954262364,0.9946382954262364,0.9935620440605009,0.0031236109504892023
1.0546157360076904,0.11307064133831954,0.07948079109191894,0.005472882446941927,20,2,5,200,"{'max_depth': 20, 'min_samples_leaf': 2, 'min_samples_split': 5, 'n_estimators': 200}",0.9348604632777295,0.956889658848614,0.8923615612489527,0.870030395136778,0.9357400617800745,0.9179764280584297,0.03184273962272973,11,0.9910600213899823,0.9964256330464447,0.9910566676319038,0.9964263167388168,0.9946377039485603,0.9939212685511414,0.0024270583581910104
