,count,mean,std,min,25%,50%,75%,max
total_income,1000.0,864570.5178,775383.0680709295,43569.58,329246.0625,600736.6799999999,976801.885,3287187.49
average_income,1000.0,39410.6400892118,37574.6256789154,805.2649794238683,21988.915875,29172.554903846154,35134.1849632353,162146.24
median_income,1000.0,39613.098939999996,38194.94010471185,795.89,22723.293749999997,29606.27,36198.35625,168135.425
income_std,1000.0,13414.558296914036,13934.416741555413,0.0,3358.3457828155674,10904.162922708743,14952.20669574193,85380.32954328648
minimum_income,1000.0,20695.19914,27585.050434881825,500.01,5177.2300000000005,7825.594999999999,28666.12,162146.24
maximum_income,1000.0,58001.797119999996,50286.05625003763,1184.22,37950.9075,41780.935,58934.5875,179802.6
income_transaction_count,1000.0,68.822,82.21453366373579,1.0,12.0,29.0,92.0,251.0
income_coefficient_variation,1000.0,0.3395765962167113,0.14658349997322495,0.0,0.23480254369333817,0.3866286121572473,0.4641826585188562,0.8156364054750647
income_source_count,1000.0,1.354,0.7637193642086517,1.0,1.0,1.0,1.0,3.0
multiple_income_flag,1000.0,0.177,0.3818596821043258,0.0,0.0,0.0,0.0,1.0
total_expense,1000.0,542021.73606,57972.48949937475,329802.03,503358.6225,537427.94,579177.3925,714325.79
average_expense,1000.0,4253.330608018763,348.9454842022326,3140.9717142857144,4013.8405645161292,4240.7386711822655,4497.62240625,5418.853196721311
median_expense,1000.0,2828.37417,350.2734467409039,1825.82,2567.8725,2814.8475,3063.30375,4114.735000000001
expense_std,1000.0,3934.561880253031,310.9594972976566,2891.9278323720696,3722.0083998563086,3935.101099912611,4156.233753602718,4922.500895988473
minimum_expense,1000.0,156.60194,56.17524023136395,100.13,115.6225,137.83999999999997,179.3325,419.3
maximum_expense,1000.0,16992.60444,941.2487308183494,12960.11,16509.6375,17302.825,17706.14,17999.52
expense_transaction_count,1000.0,127.441,8.880505750371562,101.0,121.0,128.0,133.0,154.0
total_transactions,1000.0,213.347,82.49162053480619,122.0,157.0,175.0,239.0,418.0
cash_transactions,1000.0,78.615,88.4839657067154,15.0,30.0,35.0,64.0,288.0
upi_transactions,1000.0,39.268,12.908555566243917,15.0,30.0,35.0,46.0,87.0
bank_transfer_transactions,1000.0,63.56,13.799377624473607,29.0,52.0,62.0,75.0,101.0
debit_card_transactions,1000.0,31.904,5.431232114565008,16.0,28.0,32.0,36.0,48.0
cash_transaction_ratio,1000.0,0.2975621386367777,0.19418347376374182,0.093167701863354,0.1818181818181818,0.2158492822966507,0.2745901639344262,0.7578947368421053
upi_transaction_ratio,1000.0,0.20198459638065352,0.07002588957396623,0.040650406504065,0.16433244735227967,0.2115783593999361,0.2547192790159542,0.3614457831325301
bank_transfer_ratio,1000.0,0.333722949432788,0.10695327828750459,0.0823863636363636,0.31369816315071786,0.35786763719307657,0.4016518275538894,0.5351351351351351
debit_card_ratio,1000.0,0.16673031554978057,0.05375847834811936,0.0498687664041994,0.130415721064576,0.17290623957290618,0.2049307606150086,0.3157894736842105
average_monthly_income,1000.0,72047.54315000001,64615.25567257746,3630.7983333333336,27437.171875000004,50061.39,81400.15708333334,273932.29083333333
average_monthly_expense,1000.0,45168.478005,4831.040791614562,27483.5025,41946.551875000005,44785.66166666667,48264.78270833333,59527.14916666667
average_monthly_net_cash_flow,1000.0,24670.732243333332,64556.25872078917,-46210.7775,-19564.574375,2170.021250000002,35269.60416666667,229174.9075
average_monthly_savings_ratio,1000.0,-0.22752483631659573,0.8617989628589937,-3.0913813432903603,-0.3677960089333344,0.0507443649429658,0.22563363125329838,0.8339775244524917
average_monthly_expense_to_income_ratio,1000.0,0.9710603330321108,0.9314061740420931,0.0078856428342304,0.24125333500268573,0.7081818064136016,1.2337029353937632,3.7884985071679007
average_monthly_recurring_ratio,1000.0,0.04300403546512203,0.037367641912777895,0.0,0.014104632257521225,0.0264763745026902,0.0704688360744862,0.1811813186813186
monthly_income_std,1000.0,47864.56392517359,35748.11821072671,1094.1818832503734,25232.3603758044,42616.98897654702,68210.34788265021,200168.5324420762
monthly_expense_std,1000.0,16810.326612954592,3844.813828603481,6089.826843166519,14052.184434463317,16687.309800940668,19319.281403060788,28695.89263656175
active_month_count,1000.0,12.0,0.0,12.0,12.0,12.0,12.0,12.0
